Date,RM,RF,Year,Month
2010-07-16,-0.005185268,0,2010,7
2010-07-15,-0.001294962,0,2010,7
2010-07-14,0.015411811,0,2010,7
2010-07-13,-0.005514723,0,2010,7
2010-07-12,-0.001006898,0,2010,7
2010-07-09,0.005046755,0,2010,7
2010-07-08,0.009873302,0,2010,7
2010-07-07,-0.001857328,0,2010,7
2010-07-06,0.0145861,0,2010,7
2010-07-05,0.014898905,0,2010,7
2010-07-02,0.010570632,0,2010,7
2010-07-01,-0.010275099,0,2010,7
2010-06-30,-0.012689313,0,2010,6
2010-06-29,-0.010294916,0,2010,6
2010-06-28,0.003489099,0,2010,6
2010-06-25,-0.015175451,0,2010,6
2010-06-24,0.001020819,0,2010,6
2010-06-23,-0.004010414,0,2010,6
2010-06-22,-0.002996506,0,2010,6
2010-06-21,0.019010798,0,2010,6
2010-06-18,-0.00301632,0,2010,6
2010-06-17,0.008280051,0,2010,6
2010-06-15,0.009023472,0,2010,6
2010-06-14,0.012043307,0,2010,6
2010-06-11,0.016391502,0,2010,6
2010-06-10,0.015569165,0,2010,6
2010-06-09,-0.011230441,0,2010,6
2010-06-08,-0.00081589,0,2010,6
2010-06-07,-0.02542824,0,2010,6
2010-06-04,-0.002131712,0,2010,6
2010-06-03,0.022870571,0,2010,6
2010-06-02,-0.01284343,0,2010,6
2010-06-01,-0.011479554,0,2010,6
2010-05-31,0.010782255,0,2010,5
2010-05-28,0.007201277,0,2010,5
2010-05-27,0.010577131,0,2010,5
2010-05-26,0.011427572,0,2010,5
2010-05-25,-0.03227758,0,2010,5
2010-05-24,0.011746809,0,2010,5
2010-05-21,-0.025149405,0,2010,5
2010-05-20,-0.017823409,0,2010,5
2010-05-19,-0.003446139,0,2010,5
2010-05-18,-0.001766087,0,2010,5
2010-05-17,-0.022311773,0,2010,5
2010-05-14,0.000200757,0,2010,5
2010-05-13,0.022080314,0,2010,5
2010-05-12,-0.000754425,0,2010,5
2010-05-11,-0.007344029,0,2010,5
2010-05-10,0.012901904,0,2010,5
2010-05-07,-0.001633357,0,2010,5
2010-05-06,-0.015255492,0,2010,5
2010-05-05,-0.02948894,0,2010,5
2010-05-04,-0.002691089,0,2010,5
2010-05-03,-0.006506543,0,2010,5
2010-04-30,-0.006183225,0,2010,4
2010-04-29,-0.003402813,0,2010,4
2010-04-28,-0.007965443,0,2010,4
2010-04-27,-0.00143415,0,2010,4
2010-04-26,0.019144548,0,2010,4
2010-04-23,0.003283747,0,2010,4
2010-04-22,-0.001481754,0,2010,4
2010-04-21,0.011405723,0,2010,4
2010-04-20,0.005882188,0,2010,4
2010-04-19,-0.031726287,0,2010,4
2010-04-16,-0.007387475,0,2010,4
2010-04-15,0.009239076,0,2010,4
2010-04-14,0.008393807,0,2010,4
2010-04-13,-0.010842906,0,2010,4
2010-04-12,0.003178436,0,2010,4
2010-04-09,0.004272985,0,2010,4
2010-04-08,-0.007902209,0,2010,4
2010-04-07,0.003971742,0,2010,4
2010-04-06,0.007939267,0,2010,4
2010-04-02,0.001602378,0,2010,4
2010-04-01,0.011746123,0,2010,4
2010-03-31,-0.005295006,0,2010,3
2010-03-30,0.001858458,0,2010,3
2010-03-29,0.008961693,0,2010,3
2010-03-26,0.004945076,0,2010,3
2010-03-25,0.001967349,0,2010,3
2010-03-24,0.001387632,0,2010,3
2010-03-23,-0.003076833,0,2010,3
2010-03-22,-0.007841315,0,2010,3
2010-03-19,0.001467094,0,2010,3
2010-03-18,0.004905808,0,2010,3
2010-03-17,0.019778758,0,2010,3
2010-03-16,0.007951622,0,2010,3
2010-03-15,-0.014636702,0,2010,3
2010-03-12,-0.00017162,0,2010,3
2010-03-11,-0.003781938,0,2010,3
2010-03-10,0.001092581,0,2010,3
2010-03-09,0.001071851,0,2010,3
2010-03-08,0.012523708,0,2010,3
2010-03-05,0.012742741,0,2010,3
2010-03-04,-0.007827491,0,2010,3
2010-03-03,0.004198683,0,2010,3
2010-03-02,0.00262215,0,2010,3
2010-03-01,0.019048964,0,2010,3
2010-02-26,0.001230652,0,2010,2
2010-02-25,-0.013640704,0,2010,2
2010-02-24,-0.00892011,0,2010,2
2010-02-23,0.004947064,0,2010,2
2010-02-22,0.015883169,0,2010,2
2010-02-10,0.01097671,0,2010,2
2010-02-09,0.020116743,0,2010,2
2010-02-08,-0.000270164,0,2010,2
2010-02-05,-0.042987043,0,2010,2
2010-02-04,-0.000786966,0,2010,2
2010-02-03,0.015932196,0,2010,2
2010-02-02,-0.012633112,0,2010,2
2010-02-01,-0.015152269,0,2010,2
2010-01-29,-0.007036122,0,2010,1
2010-01-28,0.017797548,0,2010,1
2010-01-27,-0.005103431,0,2010,1
2010-01-26,-0.034825397,0,2010,1
2010-01-25,-0.006852261,0,2010,1
2010-01-22,-0.024675592,0,2010,1
2010-01-21,-0.011319887,0,2010,1
2010-01-20,-0.003402837,0,2010,1
2010-01-19,-0.010652665,0,2010,1
2010-01-18,-0.002281949,0,2010,1
2010-01-15,0.00807119,0,2010,1
2010-01-14,0.011397464,0,2010,1
2010-01-13,-0.01357624,0,2010,1
2010-01-12,-0.001735982,0,2010,1
2010-01-11,0.005183012,0,2010,1
2010-01-08,0.005278352,0,2010,1
2010-01-07,-0.010831426,0,2010,1
2010-01-06,0.014153494,0,2010,1
2010-01-05,0.000432513,0,2010,1
2010-01-04,0.002410813,0,2010,1
2009-12-31,0.009347557,0,2009,12
2009-12-30,0.007257417,0,2009,12
2009-12-29,-0.000454236,0,2009,12
2009-12-28,0.010648986,0,2009,12
2009-12-25,0.001136429,0,2009,12
2009-12-23,0.005791752,0,2009,12
2009-12-22,0.008825943,0,2009,12
2009-12-21,0.004338613,0,2009,12
2009-12-18,0.001480205,0,2009,12
2009-12-17,-0.001216523,0,2009,12
2009-12-16,-0.007175042,0,2009,12
2009-12-15,-0.001472031,0,2009,12
2009-12-14,0.003086566,0,2009,12
2009-12-11,0.015259361,0,2009,12
2009-12-10,-0.015326865,0,2009,12
2009-12-09,0.003695594,0,2009,12
2009-12-08,-0.000891245,0,2009,12
2009-12-07,0.016302636,0,2009,12
2009-12-04,-0.004393162,0,2009,12
2009-12-03,0.000918253,0,2009,12
2009-12-02,0.003711485,0,2009,12
2009-12-01,0.008839112,0,2009,12
2009-11-30,0.012188105,0,2009,11
2009-11-27,-0.032077125,0,2009,11
2009-11-26,-0.002211103,0,2009,11
2009-11-25,0.005411845,0,2009,11
2009-11-24,0.003565691,0,2009,11
2009-11-23,0.00054406,0,2009,11
2009-11-20,-0.009923995,0,2009,11
2009-11-19,-0.000863946,0,2009,11
2009-11-18,0.004329379,0,2009,11
2009-11-17,-0.007631521,0,2009,11
2009-11-16,0.01657398,0,2009,11
2009-11-13,-0.00069092,0,2009,11
2009-11-12,0.00037428,0,2009,11
2009-11-11,0.009820254,0,2009,11
2009-11-10,0.007535128,0,2009,11
2009-11-09,0.009868619,0,2009,11
2009-11-06,0.006146309,0,2009,11
2009-11-05,-0.006639847,0,2009,11
2009-11-04,0.019679281,0,2009,11
2009-11-03,-0.001670034,0,2009,11
2009-11-02,-0.000667568,0,2009,11
2009-10-30,-0.002122167,0,2009,10
2009-10-29,-0.023660895,0,2009,10
2009-10-28,-0.016113951,0,2009,10
2009-10-27,-0.001442283,0,2009,10
2009-10-26,0.002499582,0,2009,10
2009-10-23,0.005435118,0,2009,10
2009-10-22,-0.012149581,0,2009,10
2009-10-21,-0.006709211,0,2009,10
2009-10-20,0.000283823,0,2009,10
2009-10-19,0.00469469,0,2009,10
2009-10-16,0.000609566,0,2009,10
2009-10-15,0.001903648,0,2009,10
2009-10-14,0.013051892,0,2009,10
2009-10-13,-0.000431586,0,2009,10
2009-10-12,0.003687288,0,2009,10
2009-10-09,0.009149295,0,2009,10
2009-10-08,-0.013846065,0,2009,10
2009-10-07,0.009635021,0,2009,10
2009-10-06,0.013185031,0,2009,10
2009-10-05,0.003521374,0,2009,10
2009-10-02,-0.017681229,0,2009,10
2009-10-01,0.004810119,0,2009,10
2009-09-30,0.010658171,0,2009,9
2009-09-29,0.01995577,0,2009,9
2009-09-28,-0.008251625,0,2009,9
2009-09-25,0.0028672,0,2009,9
2009-09-24,-0.007122368,0,2009,9
2009-09-23,-0.012353679,0,2009,9
2009-09-22,-0.004455872,0,2009,9
2009-09-21,-0.00320067,0,2009,9
2009-09-18,0.006586602,0,2009,9
2009-09-17,0.004981022,0,2009,9
2009-09-16,0.012792904,0,2009,9
2009-09-15,0.012306823,0,2009,9
2009-09-14,-0.010929327,0,2009,9
2009-09-11,0.000690118,0,2009,9
2009-09-10,0.011220955,0,2009,9
2009-09-09,-0.008650545,0,2009,9
2009-09-08,0.012374405,0,2009,9
2009-09-07,0.009990032,0,2009,9
2009-09-04,0.0068237,0,2009,9
2009-09-03,0.00921621,0,2009,9
2009-09-02,0.002851953,0,2009,9
2009-09-01,0.028391652,0,2009,9
2009-08-31,0.00236275,0,2009,8
2009-08-28,0.01780219,0,2009,8
2009-08-27,-0.004235617,0,2009,8
2009-08-26,-0.013246375,0,2009,8
2009-08-25,-0.004217453,0,2009,8
2009-08-24,0.027566568,0,2009,8
2009-08-21,-0.011648199,0,2009,8
2009-08-20,-0.008153399,0,2009,8
2009-08-19,-0.000175264,0,2009,8
2009-08-18,-0.020489628,0,2009,8
2009-08-17,-0.019479426,0,2009,8
2009-08-14,0.004911186,0,2009,8
2009-08-13,0.019721985,0,2009,8
2009-08-12,-0.001464752,0,2009,8
2009-08-11,0.003799287,0,2009,8
2009-08-10,0.002070276,0,2009,8
2009-08-06,0.002980328,0,2009,8
2009-08-05,-0.015473262,0,2009,8
2009-08-04,-0.014289945,0,2009,8
2009-08-03,-0.002967061,0,2009,8
2009-07-31,0.007200684,0,2009,7
2009-07-30,-0.00797896,0,2009,7
2009-07-29,-0.008260263,0,2009,7
2009-07-28,0.016248294,0,2009,7
2009-07-27,0.00790876,0,2009,7
2009-07-24,-0.001088688,0,2009,7
2009-07-23,-0.000635619,0,2009,7
2009-07-22,0.004599229,0,2009,7
2009-07-21,0.002086798,0,2009,7
2009-07-20,0.012825884,0,2009,7
2009-07-17,0.010425792,0,2009,7
2009-07-16,0.006188229,0,2009,7
2009-07-15,0.01493958,0,2009,7
2009-07-14,0.016627315,0,2009,7
2009-07-13,-0.035309445,0,2009,7
2009-07-10,0.003212718,0,2009,7
2009-07-09,0.012003347,0,2009,7
2009-07-08,-0.007010939,0,2009,7
2009-07-07,0.009821186,0,2009,7
2009-07-06,-0.002323942,0,2009,7
2009-07-03,-0.000319459,0,2009,7
2009-07-02,0.013461074,0,2009,7
2009-07-01,0.02282437,0,2009,7
2009-06-30,0.006416686,0,2009,6
2009-06-29,-0.011202805,0,2009,6
2009-06-26,0.000921394,0,2009,6
2009-06-25,0.012151885,0,2009,6
2009-06-24,0.02946525,0,2009,6
2009-06-23,-0.022667598,0,2009,6
2009-06-22,0.017662871,0,2009,6
2009-06-19,0.014097091,0,2009,6
2009-06-18,-0.008292567,0,2009,6
2009-06-17,-0.004002694,0,2009,6
2009-06-16,-0.000762984,0,2009,6
2009-06-15,-0.034531957,0,2009,6
2009-06-12,-0.018141204,0,2009,6
2009-06-11,0.016263635,0,2009,6
2009-06-10,0.007464467,0,2009,6
2009-06-09,-0.032231345,0,2009,6
2009-06-08,-0.020552378,0,2009,6
2009-06-05,-0.002793963,0,2009,6
2009-06-04,-0.015534285,0,2009,6
2009-06-03,-0.008049986,0,2009,6
2009-06-02,-0.000721876,0,2009,6
2009-06-01,0.009238888,0,2009,6
2009-05-27,0.031022982,0,2009,5
2009-05-26,-0.007624962,0,2009,5
2009-05-25,-0.00042005,0,2009,5
2009-05-22,0.002750487,0,2009,5
2009-05-21,0.00226594,0,2009,5
2009-05-20,0.00721649,0,2009,5
2009-05-19,0.011824604,0,2009,5
2009-05-18,0.013672179,0,2009,5
2009-05-15,0.01962864,0,2009,5
2009-05-14,-0.018653414,0,2009,5
2009-05-13,0.008175607,0,2009,5
2009-05-12,-0.032335464,0,2009,5
2009-05-11,0.009664529,0,2009,5
2009-05-08,0.001673546,0,2009,5
2009-05-07,0.000939589,0,2009,5
2009-05-06,0.029273003,0,2009,5
2009-05-05,0.00782573,0,2009,5
2009-05-04,0.056374811,0,2009,5
2009-04-30,0.067421795,0,2009,4
2009-04-29,0.003096451,0,2009,4
2009-04-28,-0.018986687,0,2009,4
2009-04-27,-0.029880441,0,2009,4
2009-04-24,0.000941238,0,2009,4
2009-04-23,-0.00184672,0,2009,4
2009-04-22,0.000799128,0,2009,4
2009-04-21,0.017252831,0,2009,4
2009-04-20,0.004566162,0,2009,4
2009-04-17,-0.04031735,0,2009,4
2009-04-16,0.020761882,0,2009,4
2009-04-15,-0.002968089,0,2009,4
2009-04-14,0.005981931,0,2009,4
2009-04-13,0.013088987,0,2009,4
2009-04-10,0.020141854,0,2009,4
2009-04-09,0.041193631,0,2009,4
2009-04-08,-0.023900589,0,2009,4
2009-04-07,0.003712956,0,2009,4
2009-04-06,0.00480864,0,2009,4
2009-04-03,0.010203187,0,2009,4
2009-04-02,0.029980525,0,2009,4
2009-04-01,0.01988355,0,2009,4
2009-03-31,0.000920083,0,2009,3
2009-03-30,-0.034253436,0,2009,3
2009-03-27,0.00076858,0,2009,3
2009-03-26,0.007515366,0,2009,3
2009-03-25,0.019877227,0,2009,3
2009-03-24,0.023028075,0,2009,3
2009-03-23,0.032763493,0,2009,3
2009-03-20,-0.014755964,0,2009,3
2009-03-19,-0.00230013,0,2009,3
2009-03-18,0.001219902,0,2009,3
2009-03-17,0.014094848,0,2009,3
2009-03-16,0.015095796,0,2009,3
2009-03-13,0.030021137,0,2009,3
2009-03-12,-0.001115556,0,2009,3
2009-03-11,0.019040809,0,2009,3
2009-03-10,0.009243254,0,2009,3
2009-03-09,-0.005455956,0,2009,3
2009-03-06,0.003543086,0,2009,3
2009-03-05,0.02109032,0,2009,3
2009-03-04,0.023916994,0,2009,3
2009-03-03,0.00214875,0,2009,3
2009-03-02,-0.028816256,0,2009,3
2009-02-27,0.008540331,0,2009,2
2009-02-26,0.005523239,0,2009,2
2009-02-25,0.014347047,0,2009,2
2009-02-24,-0.010630268,0,2009,2
2009-02-23,0.009204542,0,2009,2
2009-02-20,-0.020298662,0,2009,2
2009-02-19,0.006780234,0,2009,2
2009-02-18,0.001467124,0,2009,2
2009-02-17,-0.021667255,0,2009,2
2009-02-16,-0.000270005,0,2009,2
2009-02-13,0.028228425,0,2009,2
2009-02-12,-0.023936013,0,2009,2
2009-02-11,0.011013897,0,2009,2
2009-02-10,0.007010651,0,2009,2
2009-02-09,0.005220017,0,2009,2
2009-02-06,0.024752192,0,2009,2
2009-02-05,-0.006086602,0,2009,2
2009-02-04,0.00392425,0,2009,2
2009-02-03,0.02648604,0,2009,2
2009-02-02,0.002827233,0,2009,2
2009-01-21,0.001263373,0,2009,1
2009-01-20,-0.02843069,0,2009,1
2009-01-19,0.002999747,0,2009,1
2009-01-16,0.007621327,0,2009,1
2009-01-15,-0.044388219,0,2009,1
2009-01-14,-0.002402722,0,2009,1
2009-01-13,0.017616022,0,2009,1
2009-01-12,-0.010846729,0,2009,1
2009-01-09,-0.007286493,0,2009,1
2009-01-08,-0.05303935,0,2009,1
2009-01-07,0.013238113,0,2009,1
2009-01-06,0.00616179,0,2009,1
2009-01-05,0.023324955,0,2009,1
2008-12-31,0.000475045,0,2008,12
2008-12-30,0.039147132,0,2008,12
2008-12-29,-0.002015783,0,2008,12
2008-12-26,0.002635127,0,2008,12
2008-12-25,-0.002179472,0,2008,12
2008-12-24,0.003910701,0,2008,12
2008-12-23,-0.028591965,0,2008,12
2008-12-22,-0.033865017,0,2008,12
2008-12-19,-6.18E-05,0,2008,12
2008-12-18,0.010066652,0,2008,12
2008-12-17,0.006742634,0,2008,12
2008-12-16,0.000687081,0,2008,12
2008-12-15,0.029556353,0,2008,12
2008-12-12,-0.037439025,0,2008,12
2008-12-11,-0.000708326,0,2008,12
2008-12-10,0.041632943,0,2008,12
2008-12-09,0.012296501,0,2008,12
2008-12-08,0.045741254,0,2008,12
2008-12-05,-0.007024743,0,2008,12
2008-12-04,-0.01214229,0,2008,12
2008-12-03,-0.011411574,0,2008,12
2008-12-02,-0.035731438,0,2008,12
2008-12-01,0.012989604,0,2008,12
2008-11-28,0.001513331,0,2008,11
2008-11-27,0.042593286,0,2008,11
2008-11-26,0.001244583,0,2008,11
2008-11-25,0.025465444,0,2008,11
2008-11-24,-0.002531706,0,2008,11
2008-11-21,0.019846305,0,2008,11
2008-11-20,-0.045321177,0,2008,11
2008-11-19,-0.00489875,0,2008,11
2008-11-18,-0.030321186,0,2008,11
2008-11-17,-0.002897119,0,2008,11
2008-11-14,0.003350737,0,2008,11
2008-11-13,-0.038508787,0,2008,11
2008-11-12,-0.004958425,0,2008,11
2008-11-11,-0.021454474,0,2008,11
2008-11-10,-0.000434386,0,2008,11
2008-11-07,0.010270296,0,2008,11
2008-11-06,-0.057076167,0,2008,11
2008-11-05,-0.002878243,0,2008,11
2008-11-04,-0.000486481,0,2008,11
2008-11-03,0.025540686,0,2008,11
2008-10-31,0.039930481,0,2008,10
2008-10-30,0.062888629,0,2008,10
2008-10-29,0.001488647,0,2008,10
2008-10-28,0.0075798,0,2008,10
2008-10-27,-0.046455819,0,2008,10
2008-10-24,-0.031897195,0,2008,10
2008-10-23,-0.027162479,0,2008,10
2008-10-22,-0.016211721,0,2008,10
2008-10-21,0.002206073,0,2008,10
2008-10-20,-0.0057576,0,2008,10
2008-10-17,-0.022768062,0,2008,10
2008-10-16,-0.032459314,0,2008,10
2008-10-15,-0.008560802,0,2008,10
2008-10-14,0.054003235,0,2008,10
2008-10-13,-0.021492152,0,2008,10
2008-10-09,-0.014537876,0,2008,10
2008-10-08,-0.057607165,0,2008,10
2008-10-07,0.003443704,0,2008,10
2008-10-06,-0.041191314,0,2008,10
2008-10-03,0.006751734,0,2008,10
2008-10-02,-0.010459732,0,2008,10
2008-10-01,0.007820915,0,2008,10
2008-09-30,-0.035474389,0,2008,9
2008-09-26,-0.0216472,0,2008,9
2008-09-25,-0.01170303,0,2008,9
2008-09-24,-0.008024638,0,2008,9
2008-09-23,0.01171898,0,2008,9
2008-09-22,0.023485942,0,2008,9
2008-09-19,0.058212143,0,2008,9
2008-09-18,-0.027395891,0,2008,9
2008-09-17,0.007692054,0,2008,9
2008-09-16,-0.048882684,0,2008,9
2008-09-15,-0.040919521,0,2008,9
2008-09-12,0.009393869,0,2008,9
2008-09-11,-0.031907662,0,2008,9
2008-09-10,0.005173726,0,2008,9
2008-09-09,-0.035130033,0,2008,9
2008-09-08,0.055714983,0,2008,9
2008-09-05,-0.016428517,0,2008,9
2008-09-04,-0.026165806,0,2008,9
2008-09-03,-0.017148222,0,2008,9
2008-09-02,-0.016625349,0,2008,9
2008-09-01,-0.03307073,0,2008,9
2008-08-29,0.001811365,0,2008,8
2008-08-28,-0.006722243,0,2008,8
2008-08-27,0.016708784,0,2008,8
2008-08-26,-0.009404442,0,2008,8
2008-08-25,0.017228907,0,2008,8
2008-08-22,-0.000988656,0,2008,8
2008-08-21,-0.017386982,0,2008,8
2008-08-20,0.008927292,0,2008,8
2008-08-19,-0.003162523,0,2008,8
2008-08-18,-0.027202112,0,2008,8
2008-08-15,-0.017686154,0,2008,8
2008-08-14,0.004625401,0,2008,8
2008-08-13,-0.00020017,0,2008,8
2008-08-12,-0.00434366,0,2008,8
2008-08-11,0.016171363,0,2008,8
2008-08-08,0.026259221,0,2008,8
2008-08-07,-0.000236257,0,2008,8
2008-08-06,0.031238442,0,2008,8
2008-08-05,-0.023498859,0,2008,8
2008-08-04,-0.003595838,0,2008,8
2008-08-01,-0.003063755,0,2008,8
2008-07-31,-0.006547059,0,2008,7
2008-07-30,0.007966389,0,2008,7
2008-07-29,-0.030296034,0,2008,7
2008-07-25,-0.018248988,0,2008,7
2008-07-24,0.007968722,0,2008,7
2008-07-23,0.034558745,0,2008,7
2008-07-22,-0.002825421,0,2008,7
2008-07-21,0.039667983,0,2008,7
2008-07-18,-0.022824543,0,2008,7
2008-07-17,0.039321138,0,2008,7
2008-07-16,-0.018085405,0,2008,7
2008-07-15,-0.045091771,0,2008,7
2008-07-14,-0.012119104,0,2008,7
2008-07-11,0.023900278,0,2008,7
2008-07-10,0.00388749,0,2008,7
2008-07-09,-0.000510504,0,2008,7
2008-07-08,-0.039402761,0,2008,7
2008-07-07,0.015591257,0,2008,7
2008-07-04,-0.022408407,0,2008,7
2008-07-03,0.005471956,0,2008,7
2008-07-02,-0.007305635,0,2008,7
2008-07-01,-0.015359791,0,2008,7
2008-06-30,-0.003340946,0,2008,6
2008-06-27,-0.033672137,0,2008,6
2008-06-26,-0.005507278,0,2008,6
2008-06-25,0.015112198,0,2008,6
2008-06-24,-0.01756747,0,2008,6
2008-06-23,-0.003283796,0,2008,6
2008-06-20,-0.018054758,0,2008,6
2008-06-19,-0.020667885,0,2008,6
2008-06-18,0.00192519,0,2008,6
2008-06-17,0.003919327,0,2008,6
2008-06-16,0.007917992,0,2008,6
2008-06-13,0.005368189,0,2008,6
2008-06-12,-0.033943676,0,2008,6
2008-06-11,-0.002916368,0,2008,6
2008-06-10,-0.025379718,0,2008,6
2008-06-09,-0.017996993,0,2008,6
2008-06-06,0.000788468,0,2008,6
2008-06-05,0.012825981,0,2008,6
2008-06-04,0.005637904,0,2008,6
2008-06-03,-0.016624506,0,2008,6
2008-06-02,0.012227523,0,2008,6
2008-05-30,-0.007580956,0,2008,5
2008-05-29,0.00221447,0,2008,5
2008-05-28,-0.012833788,0,2008,5
2008-05-27,0.008103052,0,2008,5
2008-05-26,-0.014363767,0,2008,5
2008-05-23,-0.019238391,0,2008,5
2008-05-22,-0.000836331,0,2008,5
2008-05-21,-0.005879441,0,2008,5
2008-05-20,-0.024346975,0,2008,5
2008-05-19,0.010632341,0,2008,5
2008-05-16,0.004393274,0,2008,5
2008-05-15,0.015386287,0,2008,5
2008-05-14,0.003213739,0,2008,5
2008-05-13,0.018061053,0,2008,5
2008-05-12,0.004283249,0,2008,5
2008-05-09,-0.008371849,0,2008,5
2008-05-08,-0.006690312,0,2008,5
2008-05-07,0.007786736,0,2008,5
2008-05-06,0.002297141,0,2008,5
2008-05-05,-0.01411928,0,2008,5
2008-05-02,0.004900268,0,2008,5
2008-04-30,0.003169233,0,2008,4
2008-04-29,-0.020690339,0,2008,4
2008-04-28,0.014726476,0,2008,4
2008-04-25,-0.004727301,0,2008,4
2008-04-24,-0.002015876,0,2008,4
2008-04-23,-0.003182384,0,2008,4
2008-04-22,-0.005071934,0,2008,4
2008-04-21,0.000989604,0,2008,4
2008-04-18,-0.001769993,0,2008,4
2008-04-17,0.002690259,0,2008,4
2008-04-16,0.015827841,0,2008,4
2008-04-15,0.00360971,0,2008,4
2008-04-14,-0.001896835,0,2008,4
2008-04-11,0.009081025,0,2008,4
2008-04-10,0.018628438,0,2008,4
2008-04-09,-0.000567288,0,2008,4
2008-04-08,-0.006522494,0,2008,4
2008-04-07,0.015524049,0,2008,4
2008-04-03,-0.001043541,0,2008,4
2008-04-02,0.022043488,0,2008,4
2008-04-01,-0.017832417,0,2008,4
2008-03-31,-0.00590133,0,2008,3
2008-03-28,0.002036963,0,2008,3
2008-03-27,-0.018484219,0,2008,3
2008-03-26,-0.003077854,0,2008,3
2008-03-25,-0.007925237,0,2008,3
2008-03-24,0.039924974,0,2008,3
2008-03-21,0.02247284,0,2008,3
2008-03-20,0.019349948,0,2008,3
2008-03-19,0.015082243,0,2008,3
2008-03-18,0.006540536,0,2008,3
2008-03-17,-0.019105814,0,2008,3
2008-03-14,-0.006040684,0,2008,3
2008-03-13,-0.026591822,0,2008,3
2008-03-12,0.006406891,0,2008,3
2008-03-11,0.009907981,0,2008,3
2008-03-10,-0.027194897,0,2008,3
2008-03-07,-0.014697458,0,2008,3
2008-03-06,0.020590645,0,2008,3
2008-03-05,0.001633981,0,2008,3
2008-03-04,0.025080874,0,2008,3
2008-03-03,-0.017816983,0,2008,3
2008-02-29,-0.005828354,0,2008,2
2008-02-27,0.018586439,0,2008,2
2008-02-26,0.002577746,0,2008,2
2008-02-25,0.021902374,0,2008,2
2008-02-22,0.002817239,0,2008,2
2008-02-21,0.02425242,0,2008,2
2008-02-20,-0.016193091,0,2008,2
2008-02-19,0.01879546,0,2008,2
2008-02-15,0.001409994,0,2008,2
2008-02-14,0.041683056,0,2008,2
2008-02-13,-0.000364079,0,2008,2
2008-02-12,-0.015727151,0,2008,2
2008-02-01,0.020324074,0,2008,2
2008-01-31,-0.002965467,0,2008,1
2008-01-30,-0.00434506,0,2008,1
2008-01-29,0.012106939,0,2008,1
2008-01-28,-0.032792435,0,2008,1
2008-01-25,0.029604699,0,2008,1
2008-01-24,0.014665785,0,2008,1
2008-01-23,-0.022891179,0,2008,1
2008-01-22,-0.065132796,0,2008,1
2008-01-21,-0.009096296,0,2008,1
2008-01-18,0.010247321,0,2008,1
2008-01-17,-0.009524986,0,2008,1
2008-01-16,-0.029577024,0,2008,1
2008-01-15,0.031251338,0,2008,1
2008-01-14,0.017946748,0,2008,1
2008-01-11,-0.003470158,0,2008,1
2008-01-10,-0.003437204,0,2008,1
2008-01-09,0.015339869,0,2008,1
2008-01-08,0.010089594,0,2008,1
2008-01-07,-0.041080877,0,2008,1
2008-01-04,0.004508687,0,2008,1
2008-01-03,-0.016682586,0,2008,1
2008-01-02,-0.021540556,0,2008,1
2007-12-31,0.013020204,0,2007,12
2007-12-28,0.010011162,0,2007,12
2007-12-27,0.019289171,0,2007,12
2007-12-26,-0.001307691,0,2007,12
2007-12-25,0.003882992,0,2007,12
2007-12-24,0.024433856,0,2007,12
2007-12-21,0.010736813,0,2007,12
2007-12-20,-0.019618657,0,2007,12
2007-12-19,0.026503095,0,2007,12
2007-12-18,-0.002995843,0,2007,12
2007-12-17,-0.035381519,0,2007,12
2007-12-14,-0.008533271,0,2007,12
2007-12-13,-0.03567256,0,2007,12
2007-12-12,-0.017073902,0,2007,12
2007-12-11,0.00468712,0,2007,12
2007-12-10,-0.01425643,0,2007,12
2007-12-07,0.00321701,0,2007,12
2007-12-06,0.002012228,0,2007,12
2007-12-05,0.002967191,0,2007,12
2007-12-04,0.007856624,0,2007,12
2007-12-03,-0.000298146,0,2007,12
2007-11-30,0.01649929,0,2007,11
2007-11-29,0.020633716,0,2007,11
2007-11-28,-0.011879519,0,2007,11
2007-11-27,-0.017889786,0,2007,11
2007-11-26,0.02231186,0,2007,11
2007-11-23,-0.018491959,0,2007,11
2007-11-22,0.001798657,0,2007,11
2007-11-21,-0.022664805,0,2007,11
2007-11-20,1.73E-05,0,2007,11
2007-11-19,-0.009596318,0,2007,11
2007-11-16,-0.015787033,0,2007,11
2007-11-15,-0.004195493,0,2007,11
2007-11-14,0.024718094,0,2007,11
2007-11-13,0.006527799,0,2007,11
2007-11-12,-0.033475942,0,2007,11
2007-11-09,0.003730316,0,2007,11
2007-11-08,-0.038992626,0,2007,11
2007-11-07,0.000798468,0,2007,11
2007-11-06,-0.001697355,0,2007,11
2007-11-05,0.00382936,0,2007,11
2007-11-02,-0.033874996,0,2007,11
2007-11-01,-0.011650261,0,2007,11
2007-10-31,-0.004771504,0,2007,10
2007-10-30,-0.005295681,0,2007,10
2007-10-29,0.018519422,0,2007,10
2007-10-26,0.006610397,0,2007,10
2007-10-25,0.013305629,0,2007,10
2007-10-24,-0.006289997,0,2007,10
2007-10-23,0.01514428,0,2007,10
2007-10-22,-0.026123316,0,2007,10
2007-10-19,-0.002630468,0,2007,10
2007-10-18,0.007834004,0,2007,10
2007-10-17,-0.00315977,0,2007,10
2007-10-16,0.007776476,0,2007,10
2007-10-15,0.002314544,0,2007,10
2007-10-12,-0.020747252,0,2007,10
2007-10-11,0.006000106,0,2007,10
2007-10-09,-0.007959107,0,2007,10
2007-10-08,0.010388614,0,2007,10
2007-10-05,-0.001052206,0,2007,10
2007-10-04,-0.007492729,0,2007,10
2007-10-03,0.00798275,0,2007,10
2007-10-02,0.014201402,0,2007,10
2007-10-01,0.008133277,0,2007,10
2007-09-28,-0.000180589,0,2007,9
2007-09-27,0.0168707,0,2007,9
2007-09-26,0.016714478,0,2007,9
2007-09-21,0.013608994,0,2007,9
2007-09-20,0.006346358,0,2007,9
2007-09-19,0.002974187,0,2007,9
2007-09-17,-0.0145843,0,2007,9
2007-09-14,0.011673025,0,2007,9
2007-09-13,-0.010057529,0,2007,9
2007-09-12,0.001666089,0,2007,9
2007-09-11,0.007333081,0,2007,9
2007-09-10,-0.008926512,0,2007,9
2007-09-07,0.000110901,0,2007,9
2007-09-06,0.011580855,0,2007,9
2007-09-05,-0.001023201,0,2007,9
2007-09-04,-0.00634524,0,2007,9
2007-09-03,-0.00024493,0,2007,9
2007-08-31,0.024050274,0,2007,8
2007-08-30,0.014796398,0,2007,8
2007-08-29,-0.009651048,0,2007,8
2007-08-28,0.001059838,0,2007,8
2007-08-27,0.003247377,0,2007,8
2007-08-24,-0.004895315,0,2007,8
2007-08-23,0.028184038,0,2007,8
2007-08-22,0.001695939,0,2007,8
2007-08-21,-0.0042886,0,2007,8
2007-08-20,0.052570427,0,2007,8
2007-08-17,-0.013544079,0,2007,8
2007-08-16,-0.045579911,0,2007,8
2007-08-15,-0.03568066,0,2007,8
2007-08-14,-0.003128999,0,2007,8
2007-08-13,0.000856537,0,2007,8
2007-08-10,-0.027365888,0,2007,8
2007-08-09,0.009136806,0,2007,8
2007-08-08,0.026759389,0,2007,8
2007-08-07,-0.00888195,0,2007,8
2007-08-06,-0.01281655,0,2007,8
2007-08-03,0.011982477,0,2007,8
2007-08-02,0.006600404,0,2007,8
2007-08-01,-0.042571267,0,2007,8
2007-07-31,0.023662534,0,2007,7
2007-07-30,-0.009791231,0,2007,7
2007-07-27,-0.042245689,0,2007,7
2007-07-26,-0.017834464,0,2007,7
2007-07-25,-0.000403323,0,2007,7
2007-07-24,0.012730771,0,2007,7
2007-07-23,0.00372109,0,2007,7
2007-07-20,0.011884969,0,2007,7
2007-07-19,-0.001269326,0,2007,7
2007-07-18,-0.00256369,0,2007,7
2007-07-17,0.009812771,0,2007,7
2007-07-16,-0.005699323,0,2007,7
2007-07-13,0.012495711,0,2007,7
2007-07-12,0.006830303,0,2007,7
2007-07-11,-0.009992829,0,2007,7
2007-07-10,0.001589141,0,2007,7
2007-07-09,0.019756626,0,2007,7
2007-07-06,0.004320795,0,2007,7
2007-07-05,0.008799225,0,2007,7
2007-07-04,0.008090082,0,2007,7
2007-07-03,0.006343762,0,2007,7
2007-07-02,0.006335548,0,2007,7
2007-06-29,-0.00108177,0,2007,6
2007-06-28,0.005496245,0,2007,6
2007-06-27,-0.002428447,0,2007,6
2007-06-26,-0.008215509,0,2007,6
2007-06-25,0.010490155,0,2007,6
2007-06-22,-0.000632626,0,2007,6
2007-06-21,0.010976624,0,2007,6
2007-06-20,0.021255849,0,2007,6
2007-06-15,0.014545506,0,2007,6
2007-06-14,0.012500015,0,2007,6
2007-06-13,-0.002851763,0,2007,6
2007-06-12,0.003763095,0,2007,6
2007-06-11,0.004598402,0,2007,6
2007-06-08,-0.006528821,0,2007,6
2007-06-07,0.004880525,0,2007,6
2007-06-06,0.001287333,0,2007,6
2007-06-05,0.00110913,0,2007,6
2007-06-04,0.005441278,0,2007,6
2007-06-01,0.012885285,0,2007,6
2007-05-31,-0.000293347,0,2007,5
2007-05-30,-0.004174056,0,2007,5
2007-05-29,0.003024463,0,2007,5
2007-05-28,-0.000386031,0,2007,5
2007-05-25,-0.00686918,0,2007,5
2007-05-24,-0.000654359,0,2007,5
2007-05-23,0.004049517,0,2007,5
2007-05-22,0.005777741,0,2007,5
2007-05-21,0.013374176,0,2007,5
2007-05-18,-0.000475245,0,2007,5
2007-05-17,0.006182583,0,2007,5
2007-05-16,0.001697799,0,2007,5
2007-05-15,-0.006914835,0,2007,5
2007-05-14,-0.000122019,0,2007,5
2007-05-11,-0.008067325,0,2007,5
2007-05-10,0.005483875,0,2007,5
2007-05-09,-0.005328663,0,2007,5
2007-05-08,-0.002394252,0,2007,5
2007-05-07,0.006100872,0,2007,5
2007-05-04,0.017586222,0,2007,5
2007-05-03,0.002988723,0,2007,5
2007-05-02,0.003507115,0,2007,5
2007-04-30,-0.009308855,0,2007,4
2007-04-27,-0.006327468,0,2007,4
2007-04-26,0.001927448,0,2007,4
2007-04-25,-0.007502787,0,2007,4
2007-04-24,0.004313111,0,2007,4
2007-04-23,0.008534913,0,2007,4
2007-04-20,0.006850366,0,2007,4
2007-04-19,-0.014329071,0,2007,4
2007-04-18,0.005530644,0,2007,4
2007-04-17,-0.010474244,0,2007,4
2007-04-16,0.005153518,0,2007,4
2007-04-13,-0.00902764,0,2007,4
2007-04-12,-0.001144172,0,2007,4
2007-04-11,0.004480399,0,2007,4
2007-04-10,-0.00101408,0,2007,4
2007-04-09,0.00649001,0,2007,4
2007-04-04,0.009038297,0,2007,4
2007-04-03,0.00607737,0,2007,4
2007-04-02,7.36E-05,0,2007,4
2007-03-30,0.004597156,0,2007,3
2007-03-29,0.007728418,0,2007,3
2007-03-28,-0.007269441,0,2007,3
2007-03-27,-0.004144548,0,2007,3
2007-03-26,0.002353893,0,2007,3
2007-03-23,0.004556685,0,2007,3
2007-03-22,0.008590917,0,2007,3
2007-03-21,0.002692536,0,2007,3
2007-03-20,-0.000162844,0,2007,3
2007-03-19,0.002287624,0,2007,3
2007-03-16,0.003097729,0,2007,3
2007-03-15,0.016603107,0,2007,3
2007-03-14,-0.014800885,0,2007,3
2007-03-13,0.00718953,0,2007,3
2007-03-12,0.008053434,0,2007,3
2007-03-09,-0.000748627,0,2007,3
2007-03-08,0.012429002,0,2007,3
2007-03-07,0.004003457,0,2007,3
2007-03-06,0.014500528,0,2007,3
2007-03-05,-0.04252637,0,2007,3
2007-03-02,-0.001028824,0,2007,3
2007-03-01,-0.028257546,0,2007,3
2007-02-27,0.000222779,0,2007,2
2007-02-26,0.011620537,0,2007,2
2007-02-14,0.009386273,0,2007,2
2007-02-13,-0.005083355,0,2007,2
2007-02-12,-0.010582058,0,2007,2
2007-02-09,0.002207283,0,2007,2
2007-02-08,-0.000998718,0,2007,2
2007-02-07,-0.003261912,0,2007,2
2007-02-06,0.011901397,0,2007,2
2007-02-05,0.000783075,0,2007,2
2007-02-02,0.009801936,0,2007,2
2007-02-01,0.000246765,0,2007,2
2007-01-31,-0.005202903,0,2007,1
2007-01-30,-0.001532549,0,2007,1
2007-01-29,-0.008889804,0,2007,1
2007-01-26,-0.012929452,0,2007,1
2007-01-25,-0.001483201,0,2007,1
2007-01-24,0.010592994,0,2007,1
2007-01-23,0.001261082,0,2007,1
2007-01-22,0.000304844,0,2007,1
2007-01-19,-0.006978942,0,2007,1
2007-01-18,0.007812121,0,2007,1
2007-01-17,0.005377255,0,2007,1
2007-01-16,0.001102332,0,2007,1
2007-01-15,0.002807371,0,2007,1
2007-01-12,0.018790977,0,2007,1
2007-01-11,-0.010387711,0,2007,1
2007-01-10,-0.011744529,0,2007,1
2007-01-09,0.006889233,0,2007,1
2007-01-08,-0.012616823,0,2007,1
2007-01-05,-0.012469579,0,2007,1
2007-01-04,0.002173721,0,2007,1
2007-01-03,-0.000441875,0,2007,1
2007-01-02,0.01240842,0,2007,1
2006-12-29,0.011740699,0,2006,12
2006-12-28,-3.23E-05,0,2006,12
2006-12-27,0.000723382,0,2006,12
2006-12-26,0.010563882,0,2006,12
2006-12-25,-0.00073963,0,2006,12
2006-12-22,0.004137285,0,2006,12
2006-12-21,-0.00358378,0,2006,12
2006-12-20,0.00651017,0,2006,12
2006-12-19,-0.003375906,0,2006,12
2006-12-18,0.011381091,0,2006,12
2006-12-15,0.007808396,0,2006,12
2006-12-14,0.004041448,0,2006,12
2006-12-13,-0.001107452,0,2006,12
2006-12-12,-0.020173092,0,2006,12
2006-12-11,-0.003166455,0,2006,12
2006-12-08,-0.006533516,0,2006,12
2006-12-07,-0.000885182,0,2006,12
2006-12-06,0.01096335,0,2006,12
2006-12-05,-0.004852877,0,2006,12
2006-12-04,0.004392158,0,2006,12
2006-12-01,0.006058628,0,2006,12
2006-11-30,0.012513731,0,2006,11
2006-11-29,0.003928843,0,2006,11
2006-11-28,-0.007096417,0,2006,11
2006-11-27,0.009530977,0,2006,11
2006-11-24,0.005778171,0,2006,11
2006-11-23,0.004887893,0,2006,11
2006-11-22,0.005346328,0,2006,11
2006-11-21,0.006639142,0,2006,11
2006-11-20,0.000267235,0,2006,11
2006-11-17,0.000283845,0,2006,11
2006-11-16,0.002850688,0,2006,11
2006-11-15,0.004554389,0,2006,11
2006-11-14,0.009526265,0,2006,11
2006-11-13,-0.005316272,0,2006,11
2006-11-10,0.003226064,0,2006,11
2006-11-09,-0.00379057,0,2006,11
2006-11-08,-0.000878261,0,2006,11
2006-11-07,0.009017701,0,2006,11
2006-11-06,-0.005748707,0,2006,11
2006-11-03,0.011798364,0,2006,11
2006-11-02,0.009140304,0,2006,11
2006-11-01,-0.001043963,0,2006,11
2006-10-31,0.003733989,0,2006,10
2006-10-30,-0.012917082,0,2006,10
2006-10-27,0.000833234,0,2006,10
2006-10-26,0.002967468,0,2006,10
2006-10-25,-0.005287837,0,2006,10
2006-10-24,0.008119018,0,2006,10
2006-10-23,0.000126432,0,2006,10
2006-10-20,0.006223708,0,2006,10
2006-10-19,-0.0031022,0,2006,10
2006-10-18,-0.008131299,0,2006,10
2006-10-17,-0.010667811,0,2006,10
2006-10-16,0.011687981,0,2006,10
2006-10-13,0.012057991,0,2006,10
2006-10-12,-0.00315271,0,2006,10
2006-10-11,0.001347674,0,2006,10
2006-10-05,0.017783324,0,2006,10
2006-10-04,-0.011772519,0,2006,10
2006-10-03,-0.00058469,0,2006,10
2006-10-02,0.011317657,0,2006,10
2006-09-29,-0.000300648,0,2006,9
2006-09-28,-0.008803286,0,2006,9
2006-09-27,0.006450538,0,2006,9
2006-09-26,-0.001368791,0,2006,9
2006-09-25,0.003719356,0,2006,9
2006-09-22,-0.000622651,0,2006,9
2006-09-21,0.001762199,0,2006,9
2006-09-20,-0.000595768,0,2006,9
2006-09-19,-8.86E-05,0,2006,9
2006-09-18,0.030143285,0,2006,9
2006-09-15,0.012459709,0,2006,9
2006-09-14,-0.009902669,0,2006,9
2006-09-13,0.005907274,0,2006,9
2006-09-12,-0.010180941,0,2006,9
2006-09-11,0.000115044,0,2006,9
2006-09-08,0.001178718,0,2006,9
2006-09-07,-0.000473955,0,2006,9
2006-09-06,-0.006879266,0,2006,9
2006-09-05,-0.002377503,0,2006,9
2006-09-04,0.01493206,0,2006,9
2006-09-01,0.006002931,0,2006,9
2006-08-31,0.003742151,0,2006,8
2006-08-30,0.016544983,0,2006,8
2006-08-29,0.005454043,0,2006,8
2006-08-28,-0.012481957,0,2006,8
2006-08-25,-0.00372788,0,2006,8
2006-08-24,-0.000867864,0,2006,8
2006-08-23,-0.005139449,0,2006,8
2006-08-22,0.012954355,0,2006,8
2006-08-21,-0.032012712,0,2006,8
2006-08-18,-0.001838579,0,2006,8
2006-08-17,0.005499781,0,2006,8
2006-08-16,0.012320242,0,2006,8
2006-08-15,0.000488513,0,2006,8
2006-08-14,0.006209006,0,2006,8
2006-08-11,-0.001141579,0,2006,8
2006-08-10,0.000819994,0,2006,8
2006-08-09,0.010931786,0,2006,8
2006-08-08,0.013329468,0,2006,8
2006-08-07,-0.004035632,0,2006,8
2006-08-04,-0.003049988,0,2006,8
2006-08-03,-0.001406183,0,2006,8
2006-08-02,0.004651119,0,2006,8
2006-08-01,-0.002032665,0,2006,8
2006-07-31,-0.003933599,0,2006,7
2006-07-28,0.003223284,0,2006,7
2006-07-27,0.012994814,0,2006,7
2006-07-26,-0.002284466,0,2006,7
2006-07-25,0.004931104,0,2006,7
2006-07-24,-0.00940497,0,2006,7
2006-07-21,-0.003682644,0,2006,7
2006-07-20,0.026524396,0,2006,7
2006-07-19,-0.001283946,0,2006,7
2006-07-18,0.004396114,0,2006,7
2006-07-17,-0.026482453,0,2006,7
2006-07-14,-0.021251294,0,2006,7
2006-07-13,-0.010022475,0,2006,7
2006-07-12,-0.000759136,0,2006,7
2006-07-11,-0.006484139,0,2006,7
2006-07-10,0.00328048,0,2006,7
2006-07-07,0.000231264,0,2006,7
2006-07-06,-0.000133634,0,2006,7
2006-07-05,-0.011069848,0,2006,7
2006-07-04,0.002382972,0,2006,7
2006-07-03,0.002101602,0,2006,7
2006-06-30,0.014683559,0,2006,6
2006-06-29,0.010160635,0,2006,6
2006-06-28,-0.004786691,0,2006,6
2006-06-27,0.007466645,0,2006,6
2006-06-26,0.011061155,0,2006,6
2006-06-23,-0.005063877,0,2006,6
2006-06-22,0.029455885,0,2006,6
2006-06-21,-0.010050994,0,2006,6
2006-06-20,-0.033341739,0,2006,6
2006-06-19,0.001105574,0,2006,6
2006-06-16,0.023244777,0,2006,6
2006-06-15,-0.006588334,0,2006,6
2006-06-14,0.020797796,0,2006,6
2006-06-13,-0.016404104,0,2006,6
2006-06-12,-0.000268441,0,2006,6
2006-06-09,0.01781797,0,2006,6
2006-06-08,-0.042483146,0,2006,6
2006-06-07,-0.017462895,0,2006,6
2006-06-06,0.002233715,0,2006,6
2006-06-05,-0.035112448,0,2006,6
2006-06-02,0.012629422,0,2006,6
2006-06-01,0.003781246,0,2006,6
2006-05-30,-0.004641744,0,2006,5
2006-05-29,-9.16E-05,0,2006,5
2006-05-26,0.002602872,0,2006,5
2006-05-25,-0.002233529,0,2006,5
2006-05-24,0.004826139,0,2006,5
2006-05-23,-0.013588421,0,2006,5
2006-05-22,-0.019209375,0,2006,5
2006-05-19,0.0057037,0,2006,5
2006-05-18,-0.011634393,0,2006,5
2006-05-17,0.006638001,0,2006,5
2006-05-16,-0.014833446,0,2006,5
2006-05-15,-0.014096794,0,2006,5
2006-05-12,-0.011205673,0,2006,5
2006-05-11,0.005015898,0,2006,5
2006-05-10,-0.008692722,0,2006,5
2006-05-09,-0.0113874,0,2006,5
2006-05-08,0.014057505,0,2006,5
2006-05-05,0.003458116,0,2006,5
2006-05-04,0.014176299,0,2006,5
2006-05-03,0.005940608,0,2006,5
2006-05-02,0.003880493,0,2006,5
2006-04-28,0.004983037,0,2006,4
2006-04-27,-0.004571083,0,2006,4
2006-04-26,0.01544489,0,2006,4
2006-04-25,-0.005087344,0,2006,4
2006-04-24,0.000421539,0,2006,4
2006-04-21,-0.001364262,0,2006,4
2006-04-20,0.009086802,0,2006,4
2006-04-19,0.007056339,0,2006,4
2006-04-18,-0.001518552,0,2006,4
2006-04-17,0.006839227,0,2006,4
2006-04-14,0.014119555,0,2006,4
2006-04-13,0.006938386,0,2006,4
2006-04-12,0.007596375,0,2006,4
2006-04-11,-0.003461325,0,2006,4
2006-04-10,-0.000191686,0,2006,4
2006-04-07,0.003123881,0,2006,4
2006-04-06,0.014285286,0,2006,4
2006-04-04,0.000726644,0,2006,4
2006-04-03,0.00707442,0,2006,4
2006-03-31,0.010374179,0,2006,3
2006-03-30,0.007391471,0,2006,3
2006-03-29,0.006845526,0,2006,3
2006-03-28,0.004982988,0,2006,3
2006-03-27,0.007093099,0,2006,3
2006-03-24,0.001888571,0,2006,3
2006-03-23,-0.004171321,0,2006,3
2006-03-22,-0.010339066,0,2006,3
2006-03-21,-0.00897565,0,2006,3
2006-03-20,-0.001845733,0,2006,3
2006-03-17,0.003626452,0,2006,3
2006-03-16,-0.002104714,0,2006,3
2006-03-15,0.009085125,0,2006,3
2006-03-14,-0.012929684,0,2006,3
2006-03-13,0.008311918,0,2006,3
2006-03-10,0.000649043,0,2006,3
2006-03-09,0.004164364,0,2006,3
2006-03-08,-0.005324792,0,2006,3
2006-03-07,-0.012413736,0,2006,3
2006-03-06,0.003375213,0,2006,3
2006-03-03,-0.013442803,0,2006,3
2006-03-02,0.004471232,0,2006,3
2006-03-01,0.007888284,0,2006,3
2006-02-27,0.003580485,0,2006,2
2006-02-24,0.009812053,0,2006,2
2006-02-23,-0.008576416,0,2006,2
2006-02-22,-0.015201666,0,2006,2
2006-02-21,-0.00823145,0,2006,2
2006-02-20,0.001917962,0,2006,2
2006-02-17,-0.001523056,0,2006,2
2006-02-16,0.012948417,0,2006,2
2006-02-15,-0.002189636,0,2006,2
2006-02-14,0.007722914,0,2006,2
2006-02-13,-0.004947748,0,2006,2
2006-02-10,-0.005310605,0,2006,2
2006-02-09,0.000908801,0,2006,2
2006-02-08,-0.01428108,0,2006,2
2006-02-07,1.79E-05,0,2006,2
2006-02-06,0.019009493,0,2006,2
2006-02-03,0.009555769,0,2006,2
2006-01-25,0.012436569,0,2006,1
2006-01-24,0.010963699,0,2006,1
2006-01-23,-0.016134726,0,2006,1
2006-01-20,-0.003940242,0,2006,1
2006-01-19,0.002057265,0,2006,1
2006-01-18,-0.03160762,0,2006,1
2006-01-17,-0.001954142,0,2006,1
2006-01-16,0.006259774,0,2006,1
2006-01-13,-0.00643213,0,2006,1
2006-01-12,-0.001526153,0,2006,1
2006-01-11,0.004247547,0,2006,1
2006-01-10,-0.005189554,0,2006,1
2006-01-09,0.007105494,0,2006,1
2006-01-06,-0.002242964,0,2006,1
2006-01-05,0.014120887,0,2006,1
2006-01-04,0.003742546,0,2006,1
2006-01-03,0.020072547,0,2006,1
2006-01-02,-0.013175858,0,2006,1
2005-12-30,-0.004135028,0,2005,12
2005-12-29,0.007836736,0,2005,12
2005-12-28,-0.001100804,0,2005,12
2005-12-27,-0.000486628,0,2005,12
2005-12-26,0.003399548,0,2005,12
2005-12-23,0.014870972,0,2005,12
2005-12-22,-0.008450391,0,2005,12
2005-12-21,0.006853002,0,2005,12
2005-12-20,-0.000556642,0,2005,12
2005-12-19,0.012712005,0,2005,12
2005-12-16,0.014735231,0,2005,12
2005-12-15,0.003707891,0,2005,12
2005-12-14,-0.00412542,0,2005,12
2005-12-13,-0.000815475,0,2005,12
2005-12-12,0.000308092,0,2005,12
2005-12-09,0.002427515,0,2005,12
2005-12-08,-0.012691326,0,2005,12
2005-12-07,-0.003306816,0,2005,12
2005-12-06,0.000348124,0,2005,12
2005-12-05,0.019162138,0,2005,12
2005-12-02,0.00795007,0,2005,12
2005-12-01,-0.003812382,0,2005,12
2005-11-30,0.010417769,0,2005,11
2005-11-29,-0.010369384,0,2005,11
2005-11-28,0.012342939,0,2005,11
2005-11-25,0.002668569,0,2005,11
2005-11-24,-0.001899234,0,2005,11
2005-11-23,0.010616931,0,2005,11
2005-11-22,-0.007246757,0,2005,11
2005-11-21,-0.000543662,0,2005,11
2005-11-18,0.014250267,0,2005,11
2005-11-17,-0.004177831,0,2005,11
2005-11-16,0.002563533,0,2005,11
2005-11-15,-0.008692193,0,2005,11
2005-11-14,0.001376073,0,2005,11
2005-11-11,0.014509791,0,2005,11
2005-11-10,0.002898983,0,2005,11
2005-11-09,0.020758578,0,2005,11
2005-11-08,-0.001836055,0,2005,11
2005-11-07,-0.008686106,0,2005,11
2005-11-04,0.009172057,0,2005,11
2005-11-03,-0.002105489,0,2005,11
2005-11-02,0.012410299,0,2005,11
2005-11-01,0.005917457,0,2005,11
2005-10-31,0.023314521,0,2005,10
2005-10-28,-0.00498306,0,2005,10
2005-10-27,-0.006935966,0,2005,10
2005-10-26,-0.003598826,0,2005,10
2005-10-25,0.000704881,0,2005,10
2005-10-24,-0.003742969,0,2005,10
2005-10-21,-0.001607516,0,2005,10
2005-10-20,0.009455302,0,2005,10
2005-10-19,-0.023432502,0,2005,10
2005-10-18,0.000775797,0,2005,10
2005-10-17,-0.023923325,0,2005,10
2005-10-14,0.001503328,0,2005,10
2005-10-13,-0.004557905,0,2005,10
2005-10-12,-0.013053462,0,2005,10
2005-10-11,-0.002507465,0,2005,10
2005-10-07,-0.002291738,0,2005,10
2005-10-06,-0.006389558,0,2005,10
2005-10-05,-0.001157581,0,2005,10
2005-10-04,0.002971953,0,2005,10
2005-10-03,0.000867844,0,2005,10
2005-09-30,0.018073241,0,2005,9
2005-09-29,0.01325324,0,2005,9
2005-09-28,-0.002299392,0,2005,9
2005-09-27,0.002504131,0,2005,9
2005-09-26,0.000786426,0,2005,9
2005-09-23,-0.007789607,0,2005,9
2005-09-22,-0.015703752,0,2005,9
2005-09-21,-0.006225687,0,2005,9
2005-09-20,0.011558108,0,2005,9
2005-09-19,0.000721245,0,2005,9
2005-09-16,-0.008437237,0,2005,9
2005-09-15,-0.010756745,0,2005,9
2005-09-14,-0.003303572,0,2005,9
2005-09-13,0.000665047,0,2005,9
2005-09-12,0.007504421,0,2005,9
2005-09-09,-0.00501148,0,2005,9
2005-09-08,0.001423189,0,2005,9
2005-09-07,0.000162863,0,2005,9
2005-09-06,0.006781684,0,2005,9
2005-09-05,-0.002823718,0,2005,9
2005-09-02,0.013686983,0,2005,9
2005-08-31,0.000223802,0,2005,8
2005-08-30,-0.002863075,0,2005,8
2005-08-29,-0.014195273,0,2005,8
2005-08-26,0.004401227,0,2005,8
2005-08-25,-0.002869155,0,2005,8
2005-08-24,-0.01096659,0,2005,8
2005-08-23,-0.001848018,0,2005,8
2005-08-22,0.007746463,0,2005,8
2005-08-19,-0.007437442,0,2005,8
2005-08-18,-0.005900428,0,2005,8
2005-08-17,-7.69E-05,0,2005,8
2005-08-16,-0.000437141,0,2005,8
2005-08-15,-0.016654332,0,2005,8
2005-08-12,-0.000442261,0,2005,8
2005-08-11,-0.000492383,0,2005,8
2005-08-10,-0.003630094,0,2005,8
2005-08-09,-4.70E-06,0,2005,8
2005-08-08,-0.010235789,0,2005,8
2005-08-04,-0.001480892,0,2005,8
2005-08-03,0.017660486,0,2005,8
2005-08-02,0.005645275,0,2005,8
2005-08-01,-0.000641637,0,2005,8
2005-07-29,-0.00998488,0,2005,7
2005-07-28,0.007647872,0,2005,7
2005-07-27,-0.006112005,0,2005,7
2005-07-26,-0.008455794,0,2005,7
2005-07-25,0.006224993,0,2005,7
2005-07-22,-0.002080065,0,2005,7
2005-07-21,-0.004635878,0,2005,7
2005-07-20,0.001164215,0,2005,7
2005-07-19,0.000896953,0,2005,7
2005-07-15,-0.001209033,0,2005,7
2005-07-14,0.006470036,0,2005,7
2005-07-13,0.002874752,0,2005,7
2005-07-12,0.009517595,0,2005,7
2005-07-11,0.015715806,0,2005,7
2005-07-08,-0.001802788,0,2005,7
2005-07-07,-0.001518792,0,2005,7
2005-07-06,-0.001603006,0,2005,7
2005-07-05,-0.006244419,0,2005,7
2005-07-04,-0.000149869,0,2005,7
2005-07-01,0.004838239,0,2005,7
2005-06-30,0.001651248,0,2005,6
2005-06-29,-0.013486173,0,2005,6
2005-06-28,0.00219737,0,2005,6
2005-06-27,-0.005945725,0,2005,6
2005-06-24,-0.005204068,0,2005,6
2005-06-23,0.002521301,0,2005,6
2005-06-22,0.012641635,0,2005,6
2005-06-21,-0.002926842,0,2005,6
2005-06-20,0.000529112,0,2005,6
2005-06-17,0.001774797,0,2005,6
2005-06-16,0.004847971,0,2005,6
2005-06-15,0.007467256,0,2005,6
2005-06-14,-0.004058706,0,2005,6
2005-06-13,0.006249647,0,2005,6
2005-06-10,0.007554605,0,2005,6
2005-06-09,-0.002554506,0,2005,6
2005-06-08,0.009150331,0,2005,6
2005-06-07,-0.005177945,0,2005,6
2005-06-06,0.004849418,0,2005,6
2005-06-03,0.011337069,0,2005,6
2005-06-02,0.011363751,0,2005,6
2005-06-01,-0.006643866,0,2005,6
2005-05-31,0.000339461,0,2005,5
2005-05-30,0.002999224,0,2005,5
2005-05-27,0.008776951,0,2005,5
2005-05-26,0.008642225,0,2005,5
2005-05-25,-0.003481072,0,2005,5
2005-05-24,0.004018384,0,2005,5
2005-05-23,-0.011627809,0,2005,5
2005-05-20,-0.002683098,0,2005,5
2005-05-19,0.013560059,0,2005,5
2005-05-18,-0.000539531,0,2005,5
2005-05-17,-0.005378104,0,2005,5
2005-05-16,-0.009295358,0,2005,5
2005-05-13,0.007899437,0,2005,5
2005-05-12,0.002952445,0,2005,5
2005-05-11,-0.005490941,0,2005,5
2005-05-10,-0.002857454,0,2005,5
2005-05-09,-0.000185993,0,2005,5
2005-05-06,0.006825812,0,2005,5
2005-05-05,0.021334739,0,2005,5
2005-05-04,-0.002499046,0,2005,5
2005-05-03,2.58E-05,0,2005,5
2005-04-29,-0.004142226,0,2005,4
2005-04-28,0.011075979,0,2005,4
2005-04-27,-0.004647517,0,2005,4
2005-04-26,0.008151697,0,2005,4
2005-04-25,0.001952292,0,2005,4
2005-04-22,0.004386586,0,2005,4
2005-04-21,0.005090453,0,2005,4
2005-04-20,-0.00962711,0,2005,4
2005-04-19,0.005807361,0,2005,4
2005-04-18,-0.029415611,0,2005,4
2005-04-15,-0.014775762,0,2005,4
2005-04-14,-0.003567808,0,2005,4
2005-04-13,0.000699045,0,2005,4
2005-04-12,0.002419967,0,2005,4
2005-04-11,-0.007411932,0,2005,4
2005-04-08,0.008759562,0,2005,4
2005-04-07,-0.006939398,0,2005,4
2005-04-06,-0.00106978,0,2005,4
2005-04-04,-0.00146299,0,2005,4
2005-04-01,0.003807935,0,2005,4
2005-03-31,0.008039638,0,2005,3
2005-03-30,-0.000546866,0,2005,3
2005-03-29,-0.014465823,0,2005,3
2005-03-28,-0.002830573,0,2005,3
2005-03-25,0.010816531,0,2005,3
2005-03-24,-0.003071689,0,2005,3
2005-03-23,0.000116302,0,2005,3
2005-03-22,-0.006629851,0,2005,3
2005-03-21,0.002483475,0,2005,3
2005-03-18,0.001903035,0,2005,3
2005-03-17,-0.00656911,0,2005,3
2005-03-16,0.001464506,0,2005,3
2005-03-15,-0.014950833,0,2005,3
2005-03-14,-0.007852707,0,2005,3
2005-03-11,0.001889373,0,2005,3
2005-03-10,-0.003339621,0,2005,3
2005-03-09,0.006469755,0,2005,3
2005-03-08,-0.007584575,0,2005,3
2005-03-07,0.004343179,0,2005,3
2005-03-04,-0.001412361,0,2005,3
2005-03-03,-0.003673748,0,2005,3
2005-03-02,-0.00550187,0,2005,3
2005-03-01,0.008353966,0,2005,3
2005-02-25,0.012970886,0,2005,2
2005-02-24,0.001114102,0,2005,2
2005-02-23,0.002349697,0,2005,2
2005-02-22,-0.00579705,0,2005,2
2005-02-21,0.004472294,0,2005,2
2005-02-18,0.007125965,0,2005,2
2005-02-17,-0.011610664,0,2005,2
2005-02-16,0.003446367,0,2005,2
2005-02-15,0.001634383,0,2005,2
2005-02-14,0.012892321,0,2005,2
2005-02-03,0.002643432,0,2005,2
2005-02-02,0.006210775,0,2005,2
2005-02-01,-0.002117036,0,2005,2
2005-01-31,0.019439007,0,2005,1
2005-01-28,0.006361719,0,2005,1
2005-01-27,0.001266415,0,2005,1
2005-01-26,0.009099477,0,2005,1
2005-01-25,0.001952705,0,2005,1
2005-01-24,-0.013238364,0,2005,1
2005-01-21,-0.006655797,0,2005,1
2005-01-20,-0.001229783,0,2005,1
2005-01-19,-0.006441316,0,2005,1
2005-01-18,-0.001967951,0,2005,1
2005-01-17,0.009465967,0,2005,1
2005-01-14,0.006077958,0,2005,1
2005-01-13,-0.004276179,0,2005,1
2005-01-12,-0.016162231,0,2005,1
2005-01-11,0.00552092,0,2005,1
2005-01-10,0.001155662,0,2005,1
2005-01-07,-0.007711313,0,2005,1
2005-01-06,-0.00104369,0,2005,1
2005-01-05,-0.011895137,0,2005,1
2005-01-04,-0.013455703,0,2005,1
2005-01-03,0.00055866,0,2005,1
2004-12-31,0.006364676,0,2004,12
2004-12-30,0.002031702,0,2004,12
2004-12-29,0.014651941,0,2004,12
2004-12-28,0.002444061,0,2004,12
2004-12-27,-0.005561998,0,2004,12
2004-12-24,0.003626408,0,2004,12
2004-12-23,-0.000641504,0,2004,12
2004-12-22,0.002282956,0,2004,12
2004-12-21,0.000319081,0,2004,12
2004-12-20,-0.003890623,0,2004,12
2004-12-17,-0.00164639,0,2004,12
2004-12-16,0.002773807,0,2004,12
2004-12-15,0.015725128,0,2004,12
2004-12-14,0.00523228,0,2004,12
2004-12-13,-0.005538236,0,2004,12
2004-12-10,-0.000395673,0,2004,12
2004-12-09,0.003641912,0,2004,12
2004-12-08,-0.00553054,0,2004,12
2004-12-07,0.001032239,0,2004,12
2004-12-06,0.004394844,0,2004,12
2004-12-03,0.004314965,0,2004,12
2004-12-02,0.011956293,0,2004,12
2004-12-01,-0.007894251,0,2004,12
2004-11-30,0.010284758,0,2004,11
2004-11-29,0.001143866,0,2004,11
2004-11-26,-0.013080591,0,2004,11
2004-11-25,-0.009485207,0,2004,11
2004-11-24,0.010290373,0,2004,11
2004-11-23,0.00217182,0,2004,11
2004-11-22,-0.031216865,0,2004,11
2004-11-19,-0.003792055,0,2004,11
2004-11-18,0.003451834,0,2004,11
2004-11-17,0.019934527,0,2004,11
2004-11-16,0.000704286,0,2004,11
2004-11-15,-0.00176943,0,2004,11
2004-11-12,0.007258465,0,2004,11
2004-11-11,-0.012435089,0,2004,11
2004-11-10,0.000553388,0,2004,11
2004-11-09,0.001303588,0,2004,11
2004-11-08,0.00103687,0,2004,11
2004-11-05,0.012042868,0,2004,11
2004-11-04,-0.000361599,0,2004,11
2004-11-03,0.017924825,0,2004,11
2004-11-02,0.018287993,0,2004,11
2004-11-01,-0.008720752,0,2004,11
2004-10-29,0.001820716,0,2004,10
2004-10-28,0.007890681,0,2004,10
2004-10-27,-0.00210317,0,2004,10
2004-10-26,-0.019358682,0,2004,10
2004-10-22,-0.003893232,0,2004,10
2004-10-21,0.001537574,0,2004,10
2004-10-20,-0.00334895,0,2004,10
2004-10-19,0.006179705,0,2004,10
2004-10-18,-0.008366519,0,2004,10
2004-10-15,-0.001757825,0,2004,10
2004-10-14,-0.022136249,0,2004,10
2004-10-13,-0.002757728,0,2004,10
2004-10-12,-0.018018551,0,2004,10
2004-10-11,-0.002110728,0,2004,10
2004-10-08,-0.000137637,0,2004,10
2004-10-07,0.006994345,0,2004,10
2004-10-06,-0.003354706,0,2004,10
2004-10-05,0.000501813,0,2004,10
2004-10-04,0.022304826,0,2004,10
2004-10-01,0.017048458,0,2004,10
2004-09-30,0.006186153,0,2004,9
2004-09-29,-0.006747908,0,2004,9
2004-09-27,-0.007296074,0,2004,9
2004-09-24,-0.007586004,0,2004,9
2004-09-23,-0.005515747,0,2004,9
2004-09-22,0.003516404,0,2004,9
2004-09-21,0.014446146,0,2004,9
2004-09-20,0.007931747,0,2004,9
2004-09-17,-0.012333964,0,2004,9
2004-09-16,0.003403128,0,2004,9
2004-09-15,-0.008226671,0,2004,9
2004-09-14,-0.001425386,0,2004,9
2004-09-13,0.014031361,0,2004,9
2004-09-10,0.000557939,0,2004,9
2004-09-09,-0.000528565,0,2004,9
2004-09-08,-0.000138537,0,2004,9
2004-09-07,0.012264564,0,2004,9
2004-09-06,0.002577615,0,2004,9
2004-09-03,-0.015669289,0,2004,9
2004-09-02,-0.000903017,0,2004,9
2004-09-01,0.016060941,0,2004,9
2004-08-31,-0.004042191,0,2004,8
2004-08-30,-0.001512666,0,2004,8
2004-08-27,-0.002697221,0,2004,8
2004-08-26,0.026924714,0,2004,8
2004-08-23,0.00677769,0,2004,8
2004-08-20,0.003546321,0,2004,8
2004-08-19,0.032285938,0,2004,8
2004-08-18,0.015958851,0,2004,8
2004-08-17,-0.001778771,0,2004,8
2004-08-16,-0.007035342,0,2004,8
2004-08-13,0.004081579,0,2004,8
2004-08-12,0.000126692,0,2004,8
2004-08-11,-0.004892718,0,2004,8
2004-08-10,-0.001059367,0,2004,8
2004-08-09,5.37E-05,0,2004,8
2004-08-06,-0.005241718,0,2004,8
2004-08-05,0.020828044,0,2004,8
2004-08-04,-0.00938102,0,2004,8
2004-08-03,0.00314369,0,2004,8
2004-08-02,-0.012945133,0,2004,8
2004-07-30,0.013255048,0,2004,7
2004-07-29,-0.006298794,0,2004,7
2004-07-28,-0.002785902,0,2004,7
2004-07-27,0.012547569,0,2004,7
2004-07-26,-0.007841678,0,2004,7
2004-07-23,-0.002618802,0,2004,7
2004-07-22,-0.003913753,0,2004,7
2004-07-21,0.015669361,0,2004,7
2004-07-20,-0.029771729,0,2004,7
2004-07-19,-0.002369987,0,2004,7
2004-07-16,-0.007335643,0,2004,7
2004-07-15,-0.014376784,0,2004,7
2004-07-14,-0.010890729,0,2004,7
2004-07-13,-0.012705904,0,2004,7
2004-07-12,-0.003285033,0,2004,7
2004-07-09,0.011259515,0,2004,7
2004-07-08,-0.002512317,0,2004,7
2004-07-07,-0.001009842,0,2004,7
2004-07-06,0.013037609,0,2004,7
2004-07-05,-0.015125202,0,2004,7
2004-07-02,-0.015455095,0,2004,7
2004-07-01,-0.000433261,0,2004,7
2004-06-30,0.017054717,0,2004,6
2004-06-29,0.005548317,0,2004,6
2004-06-28,-0.015977458,0,2004,6
2004-06-25,0.004059463,0,2004,6
2004-06-24,0.008690416,0,2004,6
2004-06-23,0.031091291,0,2004,6
2004-06-21,-0.00228934,0,2004,6
2004-06-18,-0.016782155,0,2004,6
2004-06-17,0.018738669,0,2004,6
2004-06-16,-0.015289144,0,2004,6
2004-06-15,0.012990485,0,2004,6
2004-06-14,-0.028071148,0,2004,6
2004-06-11,-0.022571755,0,2004,6
2004-06-10,-0.016459091,0,2004,6
2004-06-09,-0.003517763,0,2004,6
2004-06-08,0.008581797,0,2004,6
2004-06-07,0.036844376,0,2004,6
2004-06-04,0.009422634,0,2004,6
2004-06-03,-0.034756887,0,2004,6
2004-06-02,-0.018464134,0,2004,6
2004-06-01,0.001398498,0,2004,6
2004-05-31,-0.025975761,0,2004,5
2004-05-28,0.017273187,0,2004,5
2004-05-27,0.000958975,0,2004,5
2004-05-26,0.011561867,0,2004,5
2004-05-25,0.002743147,0,2004,5
2004-05-24,-0.003832394,0,2004,5
2004-05-21,0.025726829,0,2004,5
2004-05-20,-0.007721079,0,2004,5
2004-05-19,0.054501159,0,2004,5
2004-05-18,0.013627676,0,2004,5
2004-05-17,-0.05095096,0,2004,5
2004-05-14,-0.023786391,0,2004,5
2004-05-13,-0.006830246,0,2004,5
2004-05-12,0.012304718,0,2004,5
2004-05-11,0.010525232,0,2004,5
2004-05-10,-0.035629261,0,2004,5
2004-05-07,0.022076927,0,2004,5
2004-05-06,0.009490573,0,2004,5
2004-05-05,-0.0539612,0,2004,5
2004-05-04,0.026266342,0,2004,5
2004-05-03,-0.014390771,0,2004,5
2004-04-30,-0.04442216,0,2004,4
2004-04-29,-0.026242823,0,2004,4
2004-04-28,-0.010839803,0,2004,4
2004-04-27,-0.009522106,0,2004,4
2004-04-26,-0.005542301,0,2004,4
2004-04-23,0.002378162,0,2004,4
2004-04-22,-0.011476818,0,2004,4
2004-04-21,0.001511771,0,2004,4
2004-04-20,0.003066743,0,2004,4
2004-04-19,-0.005722918,0,2004,4
2004-04-16,0.01208439,0,2004,4
2004-04-15,-0.020841025,0,2004,4
2004-04-14,0.012635536,0,2004,4
2004-04-13,0.002441802,0,2004,4
2004-04-12,0.023778163,0,2004,4
2004-04-09,-0.007867691,0,2004,4
2004-04-08,0.003929746,0,2004,4
2004-04-07,0.001687881,0,2004,4
2004-04-06,-0.007061485,0,2004,4
2004-04-05,0.02095931,0,2004,4
2004-04-02,0.003380093,0,2004,4
2004-04-01,0.00019932,0,2004,4
2004-03-31,0.004231136,0,2004,3
2004-03-30,0.003181905,0,2004,3
2004-03-29,0.055684194,0,2004,3
2004-03-26,-0.00391604,0,2004,3
2004-03-25,-0.009146126,0,2004,3
2004-03-24,0.006588486,0,2004,3
2004-03-23,-0.029407603,0,2004,3
2004-03-22,-0.066788553,0,2004,3
2004-03-19,0.004134356,0,2004,3
2004-03-18,0.031780273,0,2004,3
2004-03-17,-0.001781563,0,2004,3
2004-03-16,-0.006971088,0,2004,3
2004-03-15,-0.02415503,0,2004,3
2004-03-12,-0.011465146,0,2004,3
2004-03-11,0.000610917,0,2004,3
2004-03-10,-0.014194353,0,2004,3
2004-03-09,0.010493401,0,2004,3
2004-03-08,-0.006077469,0,2004,3
2004-03-05,-0.012854523,0,2004,3
2004-03-04,0.014703909,0,2004,3
2004-03-03,-0.006177548,0,2004,3
2004-03-02,0.012605195,0,2004,3
2004-03-01,0.020426514,0,2004,3
2004-02-27,0.00855937,0,2004,2
2004-02-26,0.007370249,0,2004,2
2004-02-25,0.008354542,0,2004,2
2004-02-24,-0.01150034,0,2004,2
2004-02-23,5.25E-05,0,2004,2
2004-02-20,-0.002391671,0,2004,2
2004-02-19,0.011454998,0,2004,2
2004-02-18,0.000815093,0,2004,2
2004-02-17,0.005346233,0,2004,2
2004-02-16,0.002472065,0,2004,2
2004-02-13,0.017435276,0,2004,2
2004-02-12,-0.002702037,0,2004,2
2004-02-11,-0.005232463,0,2004,2
2004-02-10,0.0039068,0,2004,2
2004-02-09,0.017272777,0,2004,2
2004-02-06,0.013594144,0,2004,2
2004-02-05,0.004285904,0,2004,2
2004-02-04,-0.001733781,0,2004,2
2004-02-03,-0.01071684,0,2004,2
2004-02-02,-0.008692815,0,2004,2
2004-01-30,0.00993719,0,2004,1
2004-01-29,-0.01152476,0,2004,1
2004-01-28,0.000253734,0,2004,1
2004-01-27,0.018329396,0,2004,1
2004-01-16,0.00085244,0,2004,1
2004-01-15,-0.001689251,0,2004,1
2004-01-14,0.010426362,0,2004,1
2004-01-13,-0.001525795,0,2004,1
2004-01-12,-0.0011675,0,2004,1
2004-01-09,0.009370791,0,2004,1
2004-01-08,0.004546306,0,2004,1
2004-01-07,-0.000449218,0,2004,1
2004-01-06,0.003034894,0,2004,1
2004-01-05,0.013880521,0,2004,1
2004-01-02,0.025611601,0,2004,1
2003-12-31,0.004080624,0,2003,12
2003-12-30,0.010656533,0,2003,12
2003-12-29,-0.008932581,0,2003,12
2003-12-26,0.000599621,0,2003,12
2003-12-25,-0.000711863,0,2003,12
2003-12-24,0.002114443,0,2003,12
2003-12-23,0.001782314,0,2003,12
2003-12-22,0.013175372,0,2003,12
2003-12-19,-0.001652001,0,2003,12
2003-12-18,0.002912026,0,2003,12
2003-12-17,-0.022968357,0,2003,12
2003-12-16,-0.006247215,0,2003,12
2003-12-15,0.011252373,0,2003,12
2003-12-12,-0.001487971,0,2003,12
2003-12-11,0.010964225,0,2003,12
2003-12-10,-0.009580924,0,2003,12
2003-12-09,0.002122402,0,2003,12
2003-12-08,-0.008966026,0,2003,12
2003-12-05,-0.003447367,0,2003,12
2003-12-04,0.006030617,0,2003,12
2003-12-03,-0.004479442,0,2003,12
2003-12-02,0.007032164,0,2003,12
2003-12-01,0.017048496,0,2003,12
2003-11-28,0.005435,0,2003,11
2003-11-27,-0.020482509,0,2003,11
2003-11-26,-9.73E-05,0,2003,11
2003-11-25,0.006802277,0,2003,11
2003-11-24,-0.00145453,0,2003,11
2003-11-21,-0.00071646,0,2003,11
2003-11-20,-0.005331165,0,2003,11
2003-11-19,-0.01245229,0,2003,11
2003-11-18,-0.002158822,0,2003,11
2003-11-17,-0.015294213,0,2003,11
2003-11-14,0.001545869,0,2003,11
2003-11-13,0.008806987,0,2003,11
2003-11-12,-0.006530966,0,2003,11
2003-11-11,-0.006098336,0,2003,11
2003-11-10,0.000363226,0,2003,11
2003-11-07,0.007222204,0,2003,11
2003-11-06,-0.020988812,0,2003,11
2003-11-05,0.005455894,0,2003,11
2003-11-04,0.003538427,0,2003,11
2003-11-03,0.007002342,0,2003,11
2003-10-31,-0.010315759,0,2003,10
2003-10-30,0.002011198,0,2003,10
2003-10-29,0.003361068,0,2003,10
2003-10-28,0.019618867,0,2003,10
2003-10-27,0.006828159,0,2003,10
2003-10-24,-0.005727265,0,2003,10
2003-10-23,-0.014834836,0,2003,10
2003-10-22,-0.003233544,0,2003,10
2003-10-21,-0.002703241,0,2003,10
2003-10-20,0.005821891,0,2003,10
2003-10-17,0.001154788,0,2003,10
2003-10-16,0.018796904,0,2003,10
2003-10-15,-0.002364265,0,2003,10
2003-10-14,-0.005701159,0,2003,10
2003-10-13,0.017477359,0,2003,10
2003-10-09,0.008258614,0,2003,10
2003-10-08,-0.005955593,0,2003,10
2003-10-07,0.00093656,0,2003,10
2003-10-06,0.017991263,0,2003,10
2003-10-03,0.008408978,0,2003,10
2003-10-02,0.021176496,0,2003,10
2003-10-01,-0.005301698,0,2003,10
2003-09-30,-0.005686188,0,2003,9
2003-09-29,-0.001169889,0,2003,9
2003-09-26,-0.006701557,0,2003,9
2003-09-25,-0.005964322,0,2003,9
2003-09-24,0.006746997,0,2003,9
2003-09-23,0.001455314,0,2003,9
2003-09-22,-0.014269066,0,2003,9
2003-09-19,0.001234609,0,2003,9
2003-09-18,0.000638578,0,2003,9
2003-09-17,0.008401091,0,2003,9
2003-09-16,0.013522501,0,2003,9
2003-09-15,-0.003907689,0,2003,9
2003-09-12,0.003885529,0,2003,9
2003-09-10,-0.010079761,0,2003,9
2003-09-09,-0.00808799,0,2003,9
2003-09-08,0.015601974,0,2003,9
2003-09-05,0.002381955,0,2003,9
2003-09-04,-0.008381543,0,2003,9
2003-09-03,-0.007482571,0,2003,9
2003-09-02,0.00424471,0,2003,9
2003-09-01,0.007248493,0,2003,9
2003-08-29,0.0231228,0,2003,8
2003-08-28,-0.005457888,0,2003,8
2003-08-27,-0.000867179,0,2003,8
2003-08-26,-0.022613573,0,2003,8
2003-08-25,0.007124616,0,2003,8
2003-08-22,0.006194025,0,2003,8
2003-08-21,0.012311472,0,2003,8
2003-08-20,0.005705567,0,2003,8
2003-08-19,-0.000841067,0,2003,8
2003-08-18,0.005112284,0,2003,8
2003-08-15,0.009562698,0,2003,8
2003-08-14,-0.001014283,0,2003,8
2003-08-13,0.03558924,0,2003,8
2003-08-12,0.007793503,0,2003,8
2003-08-11,-0.00343045,0,2003,8
2003-08-08,-0.005042717,0,2003,8
2003-08-07,0.006360712,0,2003,8
2003-08-06,-0.006392303,0,2003,8
2003-08-05,-0.021896195,0,2003,8
2003-08-04,-0.002471009,0,2003,8
2003-08-01,0.013570024,0,2003,8
2003-07-31,0.002102812,0,2003,7
2003-07-30,-0.006603699,0,2003,7
2003-07-29,-0.020055761,0,2003,7
2003-07-28,0.010575096,0,2003,7
2003-07-25,-0.001480727,0,2003,7
2003-07-24,0.021721329,0,2003,7
2003-07-23,0.005109285,0,2003,7
2003-07-22,0.007991493,0,2003,7
2003-07-21,-0.012875942,0,2003,7
2003-07-18,-0.002288891,0,2003,7
2003-07-17,-0.021123522,0,2003,7
2003-07-16,0.014619949,0,2003,7
2003-07-15,-0.002631805,0,2003,7
2003-07-14,0.02098871,0,2003,7
2003-07-11,-0.008030471,0,2003,7
2003-07-10,-0.014280889,0,2003,7
2003-07-09,-0.001687789,0,2003,7
2003-07-08,0.008588457,0,2003,7
2003-07-07,0.033077438,0,2003,7
2003-07-04,0.011096479,0,2003,7
2003-07-03,1.37E-05,0,2003,7
2003-07-02,0.015437106,0,2003,7
2003-07-01,0.029890295,0,2003,7
2003-06-30,-0.001178786,0,2003,6
2003-06-27,-0.003291779,0,2003,6
2003-06-26,-0.008062767,0,2003,6
2003-06-25,0.004986444,0,2003,6
2003-06-24,-0.002521476,0,2003,6
2003-06-23,-0.01616366,0,2003,6
2003-06-20,-0.009176238,0,2003,6
2003-06-19,0.009969854,0,2003,6
2003-06-18,0.005203903,0,2003,6
2003-06-17,0.016521679,0,2003,6
2003-06-16,0.002142608,0,2003,6
2003-06-13,0.000711294,0,2003,6
2003-06-12,0.015355957,0,2003,6
2003-06-11,-0.005701337,0,2003,6
2003-06-10,0.001089717,0,2003,6
2003-06-09,0.018245103,0,2003,6
2003-06-06,0.000445304,0,2003,6
2003-06-05,0.012881353,0,2003,6
2003-06-03,-0.003166459,0,2003,6
2003-06-02,0.030079677,0,2003,6
2003-05-30,0.002830704,0,2003,5
2003-05-29,0.015338335,0,2003,5
2003-05-28,0.005234649,0,2003,5
2003-05-27,-0.003238108,0,2003,5
2003-05-26,0.026681105,0,2003,5
2003-05-23,0.018312926,0,2003,5
2003-05-22,0.012962928,0,2003,5
2003-05-21,-0.008220454,0,2003,5
2003-05-20,-0.000989238,0,2003,5
2003-05-19,-0.006529295,0,2003,5
2003-05-16,-0.01095991,0,2003,5
2003-05-15,-0.002271314,0,2003,5
2003-05-14,0.001501872,0,2003,5
2003-05-13,0.017265819,0,2003,5
2003-05-12,0.003967786,0,2003,5
2003-05-09,0.012628691,0,2003,5
2003-05-08,-0.019799294,0,2003,5
2003-05-07,0.013140779,0,2003,5
2003-05-06,0.004362084,0,2003,5
2003-05-05,0.003414664,0,2003,5
2003-05-02,0.00958277,0,2003,5
2003-04-30,-0.012439528,0,2003,4
2003-04-29,0.014692596,0,2003,4
2003-04-28,-0.022213089,0,2003,4
2003-04-25,-0.032320443,0,2003,4
2003-04-24,-0.041619477,0,2003,4
2003-04-23,0.001938061,0,2003,4
2003-04-22,-0.019797251,0,2003,4
2003-04-21,-0.002185347,0,2003,4
2003-04-18,0.020067183,0,2003,4
2003-04-17,-0.009255161,0,2003,4
2003-04-16,0.027125918,0,2003,4
2003-04-15,0.006228965,0,2003,4
2003-04-14,-0.015581406,0,2003,4
2003-04-11,-0.002413374,0,2003,4
2003-04-10,0.000874952,0,2003,4
2003-04-09,-0.003308109,0,2003,4
2003-04-08,-0.005109456,0,2003,4
2003-04-07,0.017036438,0,2003,4
2003-04-04,0.032303213,0,2003,4
2003-04-03,0.010861498,0,2003,4
2003-04-02,-0.006005611,0,2003,4
2003-04-01,0.00379291,0,2003,4
2003-03-31,-0.034797778,0,2003,3
2003-03-28,-0.008247235,0,2003,3
2003-03-27,0.004045774,0,2003,3
2003-03-26,-0.000617938,0,2003,3
2003-03-25,-0.015719762,0,2003,3
2003-03-24,-0.003540502,0,2003,3
2003-03-21,-0.002680872,0,2003,3
2003-03-20,0.018644229,0,2003,3
2003-03-19,-0.00542985,0,2003,3
2003-03-18,0.041700417,0,2003,3
2003-03-17,-0.026402036,0,2003,3
2003-03-14,0.022192332,0,2003,3
2003-03-13,0.011746358,0,2003,3
2003-03-12,0.01589034,0,2003,3
2003-03-11,-0.013782439,0,2003,3
2003-03-10,-0.007033529,0,2003,3
2003-03-07,-0.010653926,0,2003,3
2003-03-06,-0.004678471,0,2003,3
2003-03-05,-0.018130138,0,2003,3
2003-03-04,-0.005964623,0,2003,3
2003-03-03,0.021259075,0,2003,3
2003-02-27,-0.00543677,0,2003,2
2003-02-26,0.000525329,0,2003,2
2003-02-25,-0.033595852,0,2003,2
2003-02-24,0.013378478,0,2003,2
2003-02-21,-0.000516404,0,2003,2
2003-02-20,-2.86E-05,0,2003,2
2003-02-19,-0.011829823,0,2003,2
2003-02-18,-0.02120474,0,2003,2
2003-02-17,0.046971622,0,2003,2
2003-02-14,-0.003098963,0,2003,2
2003-02-13,-0.025278548,0,2003,2
2003-02-12,0.001275173,0,2003,2
2003-02-11,-0.005359754,0,2003,2
2003-02-10,-0.019322672,0,2003,2
2003-02-07,-0.020318273,0,2003,2
2003-02-06,-0.036206223,0,2003,2
2003-01-28,0.008560931,0,2003,1
2003-01-27,-0.016753933,0,2003,1
2003-01-24,-0.004229346,0,2003,1
2003-01-23,0.017129056,0,2003,1
2003-01-22,0.009583754,0,2003,1
2003-01-21,-0.001042207,0,2003,1
2003-01-20,0.008812538,0,2003,1
2003-01-17,-0.007183475,0,2003,1
2003-01-16,-0.014829504,0,2003,1
2003-01-15,0.005063677,0,2003,1
2003-01-14,0.000232406,0,2003,1
2003-01-13,0.028956048,0,2003,1
2003-01-10,0.007700889,0,2003,1
2003-01-09,-0.004796431,0,2003,1
2003-01-08,0.028897615,0,2003,1
2003-01-07,0.002392396,0,2003,1
2003-01-06,0.013734458,0,2003,1
2003-01-03,0.022420534,0,2003,1
2003-01-02,0,0,2003,1
